<?xml version="1.0" ?>
<S:Envelope xmlns:S="http://schemas.xmlsoap.org/soap/envelope/">
	<S:Body>
		<ns2:findCustomer xmlns:ns2="http://service.yodlee.com/">
			<arg0>yodlee</arg0>
		</ns2:findCustomer>
	</S:Body>
</S:Envelope>

<!-- Document -->
<?xml version="1.0" ?>
<S:Envelope xmlns:S="http://schemas.xmlsoap.org/soap/envelope/">
	<S:Body>
		<ns2:findCustomer xmlns:ns2="http://service.yodlee.com/">
			<arg0>yodlee</arg0>
		</ns2:findCustomer>
	</S:Body>
</S:Envelope>

<!-- RPC response -->
<?xml version="1.0" ?>
<S:Envelope xmlns:S="http://schemas.xmlsoap.org/soap/envelope/">
	<S:Body>
		<ns2:findCustomerResponse xmlns:ns2="http://service.yodlee.com/">
			<return>
				<dob>2015-08-13T14:56:22.668+05:30</dob>
				<id>yodlee</id>
				<name>Name yodlee</name>
				<recentTransactions>
					<amount>1000000.0</amount>
					<id>1</id>
					<summary>Bonus</summary>
					<timeStamp>2015-08-13T14:56:22.668+05:30</timeStamp>
					<type>CREDIT</type>
				</recentTransactions>
				<recentTransactions>
					<amount>99999.0</amount>
					<id>2</id>
					<summary>Spent</summary>
					<timeStamp>2015-08-13T14:56:22.668+05:30</timeStamp>
					<type>DEBIT</type>
				</recentTransactions>
			</return>
		</ns2:findCustomerResponse>
	</S:Body>
</S:Envelope>

<!-- Document response -->
<?xml version="1.0" ?>
<S:Envelope xmlns:S="http://schemas.xmlsoap.org/soap/envelope/">
	<S:Body>
		<ns2:findCustomerResponse xmlns:ns2="http://service.yodlee.com/">
			<return>
				<dob>2015-08-13T15:25:19.154+05:30</dob>
				<id>yodlee</id>
				<name>Name yodlee</name>
				<recentTransactions>
					<amount>1000000.0</amount>
					<id>1</id>
					<summary>Bonus</summary>
					<timeStamp>2015-08-13T15:25:19.154+05:30</timeStamp>
					<type>CREDIT</type>
				</recentTransactions>
				<recentTransactions>
					<amount>99999.0</amount>
					<id>2</id>
					<summary>Spent</summary>
					<timeStamp>2015-08-13T15:25:19.154+05:30</timeStamp>
					<type>DEBIT</type>
				</recentTransactions>
			</return>
		</ns2:findCustomerResponse>
	</S:Body>
</S:Envelope>


<?xml version="1.0" ?>
<S:Envelope xmlns:S="http://schemas.xmlsoap.org/soap/envelope/">
	<S:Body>
		<S:Fault xmlns:ns4="http://www.w3.org/2003/05/soap-envelope">
			<faultcode>S:Server</faultcode>
			<faultstring>Customer id should be yodlee</faultstring>
		</S:Fault>
	</S:Body>
</S:Envelope>



<?xml version="1.0" ?>
<S:Envelope xmlns:S="http://schemas.xmlsoap.org/soap/envelope/">
	<S:Body>
		<S:Fault xmlns:ns4="http://www.w3.org/2003/05/soap-envelope">
			<faultcode>S:Server</faultcode>
			<faultstring>Customer id should be yodlee</faultstring>
			<detail>
				<ns2:NoCustomerFoundException
					xmlns:ns2="http://service.yodlee.com/">
					<message>Customer id should be yodlee</message>
				</ns2:NoCustomerFoundException>
			</detail>
		</S:Fault>
	</S:Body>
</S:Envelope>